Designator,Footprint,Quantity,Value,LCSC Part #
"C1, C2, C3",0402,3,4.7uF,C1779
C10,0402,1,100pF,C1546
"C11, C9",0402,2,1uF,C52923
"C12, C13",0402,2,8pF,C32949
"C14, C4, C5, C6, C7",0402,5,100nF,C14663
C15,0402,1,10nF,C1710
C8,0402,1,820pF,C1523
CR1,TVS-SP05_LTF-L,1,SP0503BAHTG,C7074
J1,SAMESKY_UP32-C-F-G-FL-1-P24,1,UP32-C-F-G-FL-1-P24,C42453853
J2,PinHeader_1x01_P2.54mm_Vertical,1,Conn_01x01,
R1,0402,1,0R,C17168
"R2, R3",0402,2,5.1K,C25905
"R4, R5, R6",0402,3,220R,C25091
R7,0402,1,10K,C25744
SW1,SW-SMD_4P-L4.5-W4.5-P3.50-LS5.0,1,TS45055A,C412371
"TP1, TP2, TP3, TP4, TP5, TP6",TestPoint_Pad_D1.0mm,6,TestPoint,
U1,XCVR_NRF52840-QIAA-R,1,NRF52840-QIAA,NRF52840-QIAA-R
U2,SOT-23-6,1,AT42QT1010-TSHR,C74512
U3,LED-SMD_4P-L1.6-W1.5-BL-2,1,XL-1615RGBC-YG,C5440642
Y1,Crystal_SMD_2016-4Pin_2.0x1.6mm,1,32MHz,C383840
