Designator,Mid X,Mid Y,Rotation,Layer
C1,56.941434,-35.016993,180.0,top
C10,67.537434,-36.758493,270.0,top
C11,56.941434,-32.985992,180.0,top
C12,66.569434,-32.080493,90.0,top
C13,66.562434,-34.149492,270.0,top
C14,67.241434,-38.181492,180.0,top
C15,72.311434,-38.143492,90.0,top
C2,56.941434,-36.032493,180.0,top
C3,56.941434,-38.083493,180.0,top
C4,56.941434,-34.001493,180.0,top
C5,64.027434,-40.068492,270.0,top
C6,65.016434,-40.068493,270.0,top
C7,63.024434,-40.073493,270.0,top
C8,66.548434,-36.765492,270.0,top
C9,56.941434,-31.970492,180.0,top
CR1,54.206434,-36.192493,90.0,top
J1,50.472434,-36.192493,270.0,top
J2,74.122435,-36.192493,90.0,top
R1,56.921434,-37.057993,0.0,top
R2,53.722434,-39.942493,270.0,top
R3,53.722434,-32.442493,90.0,top
R4,69.043434,-36.344492,0.0,top
R5,71.094434,-36.349492,0.0,top
R6,69.048434,-34.971492,0.0,top
R7,72.311435,-40.316493,90.0,top
SW1,55.272434,-36.142492,270.0,bottom
TP1,64.039434,-34.070492,0.0,bottom
TP2,64.039434,-35.575492,0.0,bottom
TP3,61.54,-36.847492,180.0,bottom
TP4,62.81,-36.847492,180.0,bottom
TP5,60.27,-36.847492,180.0,bottom
TP6,58.991,-36.847492,180.0,bottom
U1,62.236434,-34.927492,0.0,top
U2,69.988935,-39.079492,270.0,top
U3,71.181435,-33.824492,90.0,top
Y1,68.432434,-32.840493,90.0,top
